{
  "steps": 8,
  "initial_loss": 0.5233507752418518,
  "final_loss": 0.4500996768474579,
  "losses": [
    0.5233507752418518,
    0.5033285617828369,
    0.49678120017051697,
    0.49071595072746277,
    0.48322710394859314,
    0.47455033659935,
    0.464441180229187,
    0.4500996768474579
  ]
}