{
  "steps": 8,
  "initial_loss": 0.5038425922393799,
  "final_loss": 0.22625517845153809,
  "losses": [
    0.5038425922393799,
    0.36507007479667664,
    0.4508171081542969,
    0.27637577056884766,
    0.3300853967666626,
    0.2510378360748291,
    0.21217548847198486,
    0.22625517845153809
  ],
  "components_last": {
    "tau0": 0.006173691712319851,
    "cfo": 0.046077460050582886,
    "delay": 0.10343953222036362,
    "doppler": 0.05172627791762352,
    "rx": 0.01883821189403534
  }
}